"Name","Owner","Tier","Score","Pitch","Phone","Email","Email Quality","Reviews","Rating","Website","Site Type","Possible Duplicate Of","Category","Address","All Emails","Profile URL"
"Skovronsky & Weiser Attorneys At Law","","Cool","54","Your site is solid. With 108 reviews and 4.7★, the growth ceiling now is paid acquisition, not website. I helped Meal JOY 3x revenue with Meta ads (~5x ROAS over 3 months). Happy to walk through what would translate.","(718) 336-8886","info@completedisabilitylawyers.com","Role","108","4.7","https://www.completedisabilitylawyers.com/","Own site","","Social security attorney","1222 Avenue M Ste 501, Brooklyn, NY 11230","info@completedisabilitylawyers.com","https://www.google.com/maps/place/Skovronsky+%26+Weiser+Attorneys+At+Law/data=!4m7!3m6!1s0x89c244befdcbd535:0x93d60273d55a1a8!8m2!3d40.617633!4d-73.962111!16s%2Fg%2F1tf5lkdh!19sChIJNdXL_b5EwokRqKFVPSdgPQk?authuser=0&hl=en&rclk=1"
"Gorodetsky Law Group","Staff Greg","Skip","28","Hi Staff, you've built a solid foundation (37 reviews, 4.2★). The next leverage point is consistent paid acquisition. I'd be happy to share what's working for similar local businesses.","(718) 645-4604","glaw@gorodetsky-law.com","Personal","37","4.2","http://www.gorodetsky-law.com/","Own site","","Divorce lawyer","1723 E 12th St, Brooklyn, NY 11229","glaw@gorodetsky-law.com; springweal@aol.com","https://www.google.com/maps/place/Gorodetsky+Law+Group/data=!4m7!3m6!1s0x89c244ecbf3b8729:0xb1262d164293ca8c!8m2!3d40.607358!4d-73.960664!16s%2Fg%2F11bwymyrt7!19sChIJKYc7v-xEwokRjMqTQhYtJrE?authuser=0&hl=en&rclk=1"
"The Law Offices of Michael S. Lamonsoff, PLLC","","Warm","60","Your site is solid. With 582 reviews and 4.7★, the growth ceiling now is paid acquisition, not website. I helped Meal JOY 3x revenue with Meta ads (~5x ROAS over 3 months). Happy to walk through what would translate.","(212) 962-1020","","","582","4.7","https://www.msllegal.com/?utm_source=GMBlisting&utm_medium=organic&utm_campaign=gmb-nyc","Own site","","Law firm","32 Old Slip, New York, NY 10005","","https://www.google.com/maps/place/The+Law+Offices+of+Michael+S.+Lamonsoff,+PLLC/data=!4m7!3m6!1s0x89c25a17cf5696eb:0x27c28a1d9b84b09c!8m2!3d40.7037845!4d-74.0080471!16s%2Fg%2F1wn_7073!19sChIJ65ZWzxdawokRnLCEmx2Kwic?authuser=0&hl=en&rclk=1"
"Pardalis and Nohavicka Lawyers","","Cool","50","Your site is solid. With 125 reviews and 4.7★, the growth ceiling now is paid acquisition, not website. I helped Meal JOY 3x revenue with Meta ads (~5x ROAS over 3 months). Happy to walk through what would translate.","(212) 213-8511","","","125","4.7","https://pnlawyers.com/","Own site","Pardalis & Nohavicka Lawyers","Law firm","950 3rd Ave 11th floor, New York, NY 10022","","https://www.google.com/maps/place/Pardalis+and+Nohavicka+Lawyers/data=!4m7!3m6!1s0x89c258e32e3f2751:0xb463a10a805fe02d!8m2!3d40.7602219!4d-73.9680614!16s%2Fg%2F11c0v8fylh!19sChIJUSc_LuNYwokRLeBfgAqhY7Q?authuser=0&hl=en&rclk=1"
"Weitz & Luxenberg NYC","Perry Weitz","Warm","68","Hi Perry, your site is solid. With 685 reviews and 4.8★, the growth ceiling now is paid acquisition, not website. I helped Meal JOY 3x revenue with Meta ads (~5x ROAS over 3 months). Happy to walk through what would translate.","(917) 529-9377","media@weitzlux.com","Personal","685","4.8","https://www.weitzlux.com/locations/new-york-ny/","Own site","","Law firm","700 Broadway, New York, NY 10003","media@weitzlux.com; marketing@weitzlux.com; info@weitzlux.com","https://www.google.com/maps/place/Weitz+%26+Luxenberg+NYC/data=!4m7!3m6!1s0x89c25b45cb767ac9:0xf191a99e16690546!8m2!3d40.7284098!4d-73.9937922!16s%2Fg%2F11g22zwcj0!19sChIJyXp2y0VbwokRRgVpFp6pkfE?authuser=0&hl=en&rclk=1"
"Romano Law","Gregory Seta Director","Warm","64","Hi Gregory, your site is solid. With 350 reviews and 4.9★, the growth ceiling now is paid acquisition, not website. I helped Meal JOY 3x revenue with Meta ads (~5x ROAS over 3 months). Happy to walk through what would translate.","(516) 518-3439","","","350","4.9","https://www.romanolaw.com/","Own site","","Law firm","One Battery Park Plaza, Battery Pl 7th Floor, New York, NY 10004","","https://www.google.com/maps/place/Romano+Law/data=!4m7!3m6!1s0x89c25a16a2cfaec5:0xdcdc988edead8318!8m2!3d40.7033758!4d-74.0138065!16s%2Fg%2F1hhwh83h5!19sChIJxa7PohZawokRGIOt3o6Y3Nw?authuser=0&hl=en&rclk=1"
"ILGANAYEV LAW FIRM, PLLC","","Warm","58","Your site is solid. With 129 reviews and 4.9★, the growth ceiling now is paid acquisition, not website. I helped Meal JOY 3x revenue with Meta ads (~5x ROAS over 3 months). Happy to walk through what would translate.","(646) 396-8050","ilganayevlaw@gmail.com","Free (Personal)","129","4.9","http://www.ilganayevlaw.com/","Own site","","Law firm","139 Fulton St Ste 801, New York, NY 10038","ilganayevlaw@gmail.com","https://www.google.com/maps/place/ILGANAYEV+LAW+FIRM,+PLLC/data=!4m7!3m6!1s0x89c25a186b2f5b85:0x59ea9bd9de257987!8m2!3d40.7104617!4d-74.0077673!16s%2Fg%2F11c6ppq56v!19sChIJhVsvaxhawokRh3kl3tmb6lk?authuser=0&hl=en&rclk=1"
"Lebedin Kofman LLP","","Warm","68","Your site is solid. With 485 reviews and 4.9★, the growth ceiling now is paid acquisition, not website. I helped Meal JOY 3x revenue with Meta ads (~5x ROAS over 3 months). Happy to walk through what would translate.","(646) 663-4430","info@lebedinkofmanlaw.com","Role","485","4.9","https://www.lebedinkofman.com/","Own site","","Law firm","26 Broadway 3rd floor, New York, NY 10004","info@lebedinkofmanlaw.com","https://www.google.com/maps/place/Lebedin+Kofman+LLP/data=!4m7!3m6!1s0x89c25a16ed8593df:0x79c4a1a5eb39e2bd!8m2!3d40.7052301!4d-74.0131831!16s%2Fg%2F12ll5gh55!19sChIJ35OF7RZawokRveI566WhxHk?authuser=0&hl=en&rclk=1"
"Kimmel & Silverman, P.C., New York Lemon Law Firm","","Warm","64","Your site is solid. With 315 reviews and 5★, the growth ceiling now is paid acquisition, not website. I helped Meal JOY 3x revenue with Meta ads (~5x ROAS over 3 months). Happy to walk through what would translate.","(800) 536-6652","","","315","5","https://www.lemonlaw.com/new-york/","Own site","","Law firm","1001 6th Ave 12th floor, New York, NY 10018","","https://www.google.com/maps/place/Kimmel+%26+Silverman,+P.C.,+New+York+Lemon+Law+Firm/data=!4m7!3m6!1s0x89c259abb7eb69e1:0x3305a95b07fd037c!8m2!3d40.7519978!4d-73.9865363!16s%2Fg%2F11f1kfgty1!19sChIJ4Wnrt6tZwokRfAP9B1upBTM?authuser=0&hl=en&rclk=1"
"The Shapiro Law Firm, LLC","","Warm","58","Your site is solid. With 183 reviews and 5★, the growth ceiling now is paid acquisition, not website. I helped Meal JOY 3x revenue with Meta ads (~5x ROAS over 3 months). Happy to walk through what would translate.","(212) 444-8064","contact@theshapirolawyers.com","Role","183","5","https://www.theshapirolawyers.com/","Own site","","Law firm","11 Broadway suite 615, New York, NY 10004","contact@theshapirolawyers.com","https://www.google.com/maps/place/The+Shapiro+Law+Firm,+LLC/data=!4m7!3m6!1s0x89c25a115e75b665:0xb82e370019e1e7e0!8m2!3d40.7062458!4d-74.0174903!16s%2Fg%2F113fkpzjr!19sChIJZbZ1XhFawokR4OfhGQA3Lrg?authuser=0&hl=en&rclk=1"
"Pierce & Kwok LLP","Anthony Makes","Cool","48","Hi Anthony, you've built a solid foundation (99 reviews, 4.9★). The next leverage point is consistent paid acquisition. I'd be happy to share what's working for similar local businesses.","(212) 882-1752","info@piercekwok.com","Role","99","4.9","https://piercekwok.com/","Own site","","Law firm","299 Broadway #1405, New York, NY 10007","info@piercekwok.com","https://www.google.com/maps/place/Pierce+%26+Kwok+LLP/data=!4m7!3m6!1s0x89c2596045937f7d:0xcfaafa81bd3fc907!8m2!3d40.7150606!4d-74.0058265!16s%2Fg%2F1hc7xxh41!19sChIJfX-TRWBZwokRB8k_vYH6qs8?authuser=0&hl=en&rclk=1"
"Raphaelson & Levine Law Firm, P.C.","Should Know","Warm","64","Hi Should, your site is solid. With 716 reviews and 4.8★, the growth ceiling now is paid acquisition, not website. I helped Meal JOY 3x revenue with Meta ads (~5x ROAS over 3 months). Happy to walk through what would translate.","(646) 960-3476","","","716","4.8","https://www.raphaelsonlaw.com/?utm_source=google&utm_medium=organic&utm_campaign=gmb_midtown_manhattan","Own site","","Law firm","14 Pennsylvania Plaza Ste 1718, New York, NY 10122","","https://www.google.com/maps/place/Raphaelson+%26+Levine+Law+Firm,+P.C./data=!4m7!3m6!1s0x89c259add357548f:0xeaf6e4ad2a5f8043!8m2!3d40.7517816!4d-73.9918095!16s%2Fg%2F1vtqx04l!19sChIJj1RX061ZwokRQ4BfKq3k9uo?authuser=0&hl=en&rclk=1"
"Law Office of Biana Borukhovich, PLLC - Fashion Lawyer NYC - Trademark Attorney New York","","Cool","44","You've built a solid foundation (87 reviews, 5★). The next leverage point is consistent paid acquisition. I'd be happy to share what's working for similar local businesses.","(347) 450-1811","","","87","5","https://borukhovichlaw.com/","Own site","","Attorney","1460 Broadway, New York, NY 10036","","https://www.google.com/maps/place/Law+Office+of+Biana+Borukhovich,+PLLC+-+Fashion+Lawyer+NYC+-+Trademark+Attorney+New+York/data=!4m7!3m6!1s0x89c244ea7c4aed87:0xada040efc12cd3f6!8m2!3d40.755106!4d-73.986209!16s%2Fg%2F1hc2mpfzd!19sChIJh-1KfOpEwokR9tMswe9AoK0?authuser=0&hl=en&rclk=1"
"The Rothenberg Law Firm Accident And Injury Lawyers","","Cool","54","Your site is solid. With 282 reviews and 4.8★, the growth ceiling now is paid acquisition, not website. I helped Meal JOY 3x revenue with Meta ads (~5x ROAS over 3 months). Happy to walk through what would translate.","(516) 715-3658","","","282","4.8","https://injurylawyer.com/new-york/?utm_source=gmblisting&utm_medium=organic&utm_campaign=nyc","Own site","","Law firm","450 7th Ave 44th floor, New York, NY 10123","","https://www.google.com/maps/place/The+Rothenberg+Law+Firm+Accident+And+Injury+Lawyers/data=!4m7!3m6!1s0x89c259ac20927379:0x2fcfcbe700f8b88b!8m2!3d40.7514675!4d-73.9905644!16s%2Fg%2F1ptyn_p30!19sChIJeXOSIKxZwokRi7j4AOfLzy8?authuser=0&hl=en&rclk=1"
"Morelli Law Firm","Benedict Morelli","Cool","54","Hi Benedict, your site is solid. With 197 reviews and 4.5★, the growth ceiling now is paid acquisition, not website. I helped Meal JOY 3x revenue with Meta ads (~5x ROAS over 3 months). Happy to walk through what would translate.","(646) 762-5221","bmorelli@morellilaw.com","Personal","197","4.5","https://www.morellilaw.com/?utm_source=GBP","Own site","","Law firm","777 3rd Ave 38th Floor, New York, NY 10017","bmorelli@morellilaw.com","https://www.google.com/maps/place/Morelli+Law+Firm/data=!4m7!3m6!1s0x89c258e45456c4d5:0x9529b75c0021709a!8m2!3d40.7546905!4d-73.9711154!16s%2Fg%2F1th5kcf_!19sChIJ1cRWVORYwokRmnAhAFy3KZU?authuser=0&hl=en&rclk=1"
"Cohan Law Firm - New York City Injury & Accident Lawyer","","Warm","64","Your site is solid. With 588 reviews and 5★, the growth ceiling now is paid acquisition, not website. I helped Meal JOY 3x revenue with Meta ads (~5x ROAS over 3 months). Happy to walk through what would translate.","(212) 601-2693","","","588","5","https://www.cohanlegal.com/","Own site","","Law firm","401 Park Avenue South 10th Floor, New York, NY 10016","","https://www.google.com/maps/place/Cohan+Law+Firm+-+New+York+City+Injury+%26+Accident+Lawyer/data=!4m7!3m6!1s0x89c259a79d0d4a0b:0x1b24939d19a6c90e!8m2!3d40.7429491!4d-73.983881!16s%2Fg%2F11cmg8yv0d!19sChIJC0oNnadZwokRDsmmGZ2TJBs?authuser=0&hl=en&rclk=1"
"Dilendorf Law Firm PLLC","Max Dilendorf","Warm","58","Hi Max, your site is solid. With 210 reviews and 5★, the growth ceiling now is paid acquisition, not website. I helped Meal JOY 3x revenue with Meta ads (~5x ROAS over 3 months). Happy to walk through what would translate.","(212) 457-9797","domain@dilendorf.com","Personal","210","5","http://dilendorf.com/","Own site","","Law firm","115 Broadway 5th floor, New York, NY 10006","domain@dilendorf.com; info@dilendorf.com","https://www.google.com/maps/place/Dilendorf+Law+Firm+PLLC/data=!4m7!3m6!1s0x89c258ee8344fd7b:0x8af631ecf3355825!8m2!3d40.7088245!4d-74.0112487!16s%2Fg%2F11c5rsskn3!19sChIJe_1Eg-5YwokRJVg18-wx9oo?authuser=0&hl=en&rclk=1"
"Gana Weinstein LLP","","Cool","54","Your site is solid. With 143 reviews and 4.9★, the growth ceiling now is paid acquisition, not website. I helped Meal JOY 3x revenue with Meta ads (~5x ROAS over 3 months). Happy to walk through what would translate.","(800) 810-4262","","","143","4.9","https://www.ganalawfirm.com/?utm_source=google&utm_medium=local","Own site","","Law firm","295 Madison Ave #705, New York, NY 10017","","https://www.google.com/maps/place/Gana+Weinstein+LLP/data=!4m7!3m6!1s0x89c259ac20927379:0x97a41b7b2ac77443!8m2!3d40.7518164!4d-73.9793737!16s%2Fg%2F1pp2x6bv2!19sChIJeXOSIKxZwokRQ3THKnsbpJc?authuser=0&hl=en&rclk=1"
"The Law Office of Richard M. Kenny","","Warm","64","Your site is solid. With 361 reviews and 5★, the growth ceiling now is paid acquisition, not website. I helped Meal JOY 3x revenue with Meta ads (~5x ROAS over 3 months). Happy to walk through what would translate.","(844) 955-4338","","","361","5","https://www.rmkinjurylaw.com/","Own site","","Law firm","363 7th Ave 16th Floor, New York, NY 10001","","https://www.google.com/maps/place/The+Law+Office+of+Richard+M.+Kenny/data=!4m7!3m6!1s0x89c259af2c39895d:0x66a37069fbab00ed!8m2!3d40.7484743!4d-73.9920519!16s%2Fg%2F1td1wc4v!19sChIJXYk5LK9ZwokR7QCr-2lwo2Y?authuser=0&hl=en&rclk=1"
"Law Offices of Nathaniel Muller, PC","","Cool","48","You've built a solid foundation (94 reviews, 5★). The next leverage point is consistent paid acquisition. I'd be happy to share what's working for similar local businesses.","(646) 774-2895","nm@legalmuller.com","Personal","94","5","https://legalmuller.com/","Own site","","Law firm","420 Lexington Ave #300, New York, NY 10170","nm@legalmuller.com","https://www.google.com/maps/place/Law+Offices+of+Nathaniel+Muller,+PC/data=!4m7!3m6!1s0x89c259a9265cdc0b:0xffcae8e768c9bea0!8m2!3d40.7527814!4d-73.9759322!16s%2Fg%2F1tx47zdv!19sChIJC9xcJqlZwokRoL7JaOfoyv8?authuser=0&hl=en&rclk=1"
"Fisher Stone, P.C.","","Cool","54","Your site is solid. With 203 reviews and 5★, the growth ceiling now is paid acquisition, not website. I helped Meal JOY 3x revenue with Meta ads (~5x ROAS over 3 months). Happy to walk through what would translate.","(212) 256-1877","","","203","5","https://fisherstonelaw.com/?utm_source=gbp","Own site","","Law firm","42 Broadway #1744, BOWLING GREEN, NY 10004","","https://www.google.com/maps/place/Fisher+Stone,+P.C./data=!4m7!3m6!1s0x89c25900c690a93f:0x3229764e28d304cf!8m2!3d40.7059768!4d-74.0126087!16s%2Fg%2F1ptwh9471!19sChIJP6mQxgBZwokRzwTTKE52KTI?authuser=0&hl=en&rclk=1"
"Greenstein & Pittari, LLP","","Warm","64","Your site is solid. With 814 reviews and 4.9★, the growth ceiling now is paid acquisition, not website. I helped Meal JOY 3x revenue with Meta ads (~5x ROAS over 3 months). Happy to walk through what would translate.","(212) 685-8500","","","814","4.9","https://www.nyclawfirm.com/nyc-personal-injury-lawyer/?utm_source=google+&utm_medium=organic&utm_campaign=gbp+&utm_term=New+York+Personal+Injury+Lawyer","Own site","","Greenstein & Pittari, LLP","Personal injury attorney ·  · 1825 Park Ave","","https://www.google.com/maps/place/Greenstein+%26+Pittari,+LLP/data=!4m7!3m6!1s0x89c2f60a53eec2fd:0x7c7fd0ce110c0c4c!8m2!3d40.805205!4d-73.9386147!16s%2Fg%2F1tzgkkzw!19sChIJ_cLuUwr2wokRTAwMEc7Qf3w?authuser=0&hl=en&rclk=1"
"Landskind & Ricaforte Law Group, P.C.","Dedicated Brooklyn","Cool","44","Hi Dedicated, you've built a solid foundation (82 reviews, 4.9★). The next leverage point is consistent paid acquisition. I'd be happy to share what's working for similar local businesses.","(718) 333-5007","","","82","4.9","https://www.ricafortelaw.com/","Own site","","Estate planning attorney","269 86th St, Brooklyn, NY 11209","","https://www.google.com/maps/place/Landskind+%26+Ricaforte+Law+Group,+P.C./data=!4m7!3m6!1s0x89c24ff586d0ffed:0xfbda2df6dd3d8bba!8m2!3d40.62377!4d-74.031571!16s%2Fg%2F11gh04rjbw!19sChIJ7f_QhvVPwokRuos93fYt2vs?authuser=0&hl=en&rclk=1"
"Friedman, James & Buchsbaum LLP","","Skip","8","Friedman, James & Buchsbaum LLP is early-stage — most growth services don't make ROI sense yet. Worth circling back once you're past 50+ reviews. If you're focused on review velocity right now, happy to share what works.","(212) 233-9385","abuchsbaum@friedmanjames.com","Personal","1","3","http://www.friedmanjames.com/","Own site","","Law firm","15 Maiden Ln Ste 1202, New York, NY 10038","abuchsbaum@friedmanjames.com; bfriedman@friedmanjames.com; jjames@friedmanjames.com","https://www.google.com/maps/place/Friedman,+James+%26+Buchsbaum+LLP/data=!4m7!3m6!1s0x89c25a1878ae8721:0x7661b56f98ed50a9!8m2!3d40.709505!4d-74.009131!16s%2Fg%2F1wd3wzgk!19sChIJIYeueBhawokRqVDtmG-1YXY?authuser=0&hl=en&rclk=1"
"Robison Lemon Law Group LLC","","Warm","58","Your site is solid. With 165 reviews and 4.8★, the growth ceiling now is paid acquisition, not website. I helped Meal JOY 3x revenue with Meta ads (~5x ROAS over 3 months). Happy to walk through what would translate.","(833) 422-7529","emma@lemonlawcar.com","Personal","165","4.8","https://lemonlawcar.com/new-york/?utm_source=google&utm_medium=organic&utm_campaign=gmb_location_new_york_city","Own site","","Law firm","276 5th Ave Ste 704-767, New York, NY 10001","emma@lemonlawcar.com","https://www.google.com/maps/place/Robison+Lemon+Law+Group+LLC/data=!4m7!3m6!1s0x89c2596091e1da8f:0xff4961de0b62fe18!8m2!3d40.745964!4d-73.986906!16s%2Fg%2F11gmbj3st1!19sChIJj9rhkWBZwokRGP5iC95hSf8?authuser=0&hl=en&rclk=1"
"Pitcoff Law Group, PC","","Warm","58","Your site is solid. With 222 reviews and 4.9★, the growth ceiling now is paid acquisition, not website. I helped Meal JOY 3x revenue with Meta ads (~5x ROAS over 3 months). Happy to walk through what would translate.","(646) 859-6264","info@pitcofflawgroup.com","Role","222","4.9","http://www.pitcofflawgroup.com/","Own site","","Business attorney","230 Park Ave 3rd Floor West, New York, NY 10169","info@pitcofflawgroup.com","https://www.google.com/maps/place/Pitcoff+Law+Group,+PC/data=!4m7!3m6!1s0x89c259a79e1d5e6f:0x1ffab9f6bd1d175e!8m2!3d40.7544726!4d-73.9759622!16s%2Fg%2F11f1wlyll2!19sChIJb14dnqdZwokRXhcdvfa5-h8?authuser=0&hl=en&rclk=1"
"NYIS Law Firm","","Warm","64","Your site is solid. With 430 reviews and 4.9★, the growth ceiling now is paid acquisition, not website. I helped Meal JOY 3x revenue with Meta ads (~5x ROAS over 3 months). Happy to walk through what would translate.","(212) 987-6666","","","430","4.9","https://nyislaw.com/","Own site","","NYIS Law Firm","Law firm ·  · 285 Fulton St Ste 8500","","https://www.google.com/maps/place/NYIS+Law+Firm/data=!4m7!3m6!1s0x89c260102910c3c3:0x49e6ad0fb909191f!8m2!3d40.713638!4d-74.0087211!16s%2Fg%2F11g9dpszr0!19sChIJw8MQKRBgwokRHxkJuQ-t5kk?authuser=0&hl=en&rclk=1"
"Hansen & Rosasco, LLP","","Warm","68","Your site is solid. With 417 reviews and 4.9★, the growth ceiling now is paid acquisition, not website. I helped Meal JOY 3x revenue with Meta ads (~5x ROAS over 3 months). Happy to walk through what would translate.","(212) 210-1762","info@911victimlawyer.com","Role","417","4.9","https://www.911victimlawyer.com/?utm_source=gmb&utm_medium=organic&utm_campaign=gmb-listing","Own site","","Law firm","250 Broadway Ste 600, New York, NY 10007","info@911victimlawyer.com","https://www.google.com/maps/place/Hansen+%26+Rosasco,+LLP/data=!4m7!3m6!1s0x89c258fd4c560355:0x95321b52881207ae!8m2!3d40.7130079!4d-74.0078212!16s%2Fg%2F11cm0klz_n!19sChIJVQNWTP1YwokRrgcSiFIbMpU?authuser=0&hl=en&rclk=1"
"Jia Law Group, P.C.","","Warm","58","Your site is solid. With 279 reviews and 4.8★, the growth ceiling now is paid acquisition, not website. I helped Meal JOY 3x revenue with Meta ads (~5x ROAS over 3 months). Happy to walk through what would translate.","(347) 897-6199","info@jiaesq.com","Role","279","4.8","http://www.jialawgroup.com/","Own site","","Jia Law Group, P.C.","Law firm ·  · 88 Pine St 18th Floor","info@jiaesq.com","https://www.google.com/maps/place/Jia+Law+Group,+P.C./data=!4m7!3m6!1s0x89c25a18f7f77321:0x4597ef3863459341!8m2!3d40.7056685!4d-74.0060959!16s%2Fg%2F11cllkt7b6!19sChIJIXP39xhawokRQZNFYzjvl0U?authuser=0&hl=en&rclk=1"
"Michael Block, Attorney At Law P.C.","","Warm","64","Your site is solid. With 2592 reviews and 4.8★, the growth ceiling now is paid acquisition, not website. I helped Meal JOY 3x revenue with Meta ads (~5x ROAS over 3 months). Happy to walk through what would translate.","(212) 227-9008","","","2592","4.8","https://www.michaelblocklawyer.com/","Own site","","Michael Block, Attorney At Law P.C.","Criminal justice attorney ·  · 277 Broadway #708","","https://www.google.com/maps/place/Michael+Block,+Attorney+At+Law+P.C./data=!4m7!3m6!1s0x89c25a21fc508b25:0xabc8bd2e172537df!8m2!3d40.7143278!4d-74.0040906!16s%2Fg%2F1tfwqwzw!19sChIJJYtQ_CFawokR3zclFy69yKs?authuser=0&hl=en&rclk=1"
"Samuel Law Firm","","Warm","58","Your site is solid. With 231 reviews and 4.8★, the growth ceiling now is paid acquisition, not website. I helped Meal JOY 3x revenue with Meta ads (~5x ROAS over 3 months). Happy to walk through what would translate.","(516) 957-2131","michael@thesamuellawfirm.com","Personal","231","4.8","https://thesamuellawfirm.com/?utm_campaign=gmb","Own site","","Samuel Law Firm","Employment attorney ·  · 38 W 32nd St #1110","michael@thesamuellawfirm.com","https://www.google.com/maps/place/Samuel+Law+Firm/data=!4m7!3m6!1s0x89c259a8dd8ac6f1:0xd773a0c801ba6967!8m2!3d40.7474617!4d-73.9876476!16s%2Fg%2F1tcz9728!19sChIJ8caK3ahZwokRZ2m6Acigc9c?authuser=0&hl=en&rclk=1"
"Gouchev Law","","Cool","54","Your site is solid. With 101 reviews and 5★, the growth ceiling now is paid acquisition, not website. I helped Meal JOY 3x revenue with Meta ads (~5x ROAS over 3 months). Happy to walk through what would translate.","(212) 537-9209","","","101","5","https://gouchevlaw.com/","Own site","","Law firm","45 Rockefeller Plaza, New York, NY 10111","","https://www.google.com/maps/place/Gouchev+Law/data=!4m7!3m6!1s0x89c258feac584531:0x519bc9380de6e39c!8m2!3d40.7588063!4d-73.9788317!16s%2Fg%2F11b6ljf8ps!19sChIJMUVYrP5YwokRnOPmDTjJm1E?authuser=0&hl=en&rclk=1"
"The Perecman Firm, P.L.L.C.","","Warm","64","Your site is solid. With 730 reviews and 4.9★, the growth ceiling now is paid acquisition, not website. I helped Meal JOY 3x revenue with Meta ads (~5x ROAS over 3 months). Happy to walk through what would translate.","(646) 536-2089","","","730","4.9","https://www.perecman.com/personal-injury-lawyer/?utm_source=google+business+profile&utm_medium=website+link&utm_campaign=manhattan","Own site","","Law firm","250 W 57th St #401, New York, NY 10107","","https://www.google.com/maps/place/The+Perecman+Firm,+P.L.L.C./data=!4m7!3m6!1s0x89c258f7e7a41635:0x1edc2f8b4de227b0!8m2!3d40.7662801!4d-73.9824591!16s%2Fg%2F1tf491ns!19sChIJNRak5_dYwokRsCfiTYsv3B4?authuser=0&hl=en&rclk=1"
"Paykin Law","","Warm","58","Your site is solid. With 103 reviews and 4.9★, the growth ceiling now is paid acquisition, not website. I helped Meal JOY 3x revenue with Meta ads (~5x ROAS over 3 months). Happy to walk through what would translate.","(212) 858-9112","contact@paykinlaw.net","Role","103","4.9","https://www.paykinlaw.net/","Own site","","Paykin Law","Law firm ·  · 45 Rockefeller Plaza 20th Floor","contact@paykinlaw.net","https://www.google.com/maps/place/Paykin+Law/data=!4m7!3m6!1s0x89c259a9a93ba655:0x306876f7f18d5371!8m2!3d40.7592015!4d-73.9778103!16s%2Fg%2F11xj28ct1!19sChIJVaY7qalZwokRcVON8fd2aDA?authuser=0&hl=en&rclk=1"
"Derek Smith Law Group, PLLC","","Warm","64","Your site is solid. With 337 reviews and 4.9★, the growth ceiling now is paid acquisition, not website. I helped Meal JOY 3x revenue with Meta ads (~5x ROAS over 3 months). Happy to walk through what would translate.","(800) 807-2209","","","337","4.9","https://discriminationandsexualharassmentlawyers.com/new-york-city?utm_source=gbp&utm_medium=organic&utm_campaign=gbp-listing&utm_content=new-york-city","Own site","","Law firm","The Nelson Tower, 450 7th Ave 30th Floor, New York, NY 10123","","https://www.google.com/maps/place/Derek+Smith+Law+Group,+PLLC/data=!4m7!3m6!1s0x89c25a16c7d34709:0x8e699f9cf5dfa9e1!8m2!3d40.7513168!4d-73.9906115!16s%2Fg%2F1tg9jghx!19sChIJCUfTxxZawokR4anf9ZyfaY4?authuser=0&hl=en&rclk=1"
"MooreJustice New York City Accident & Injury Lawyers","","Warm","58","Your site is solid. With 278 reviews and 5★, the growth ceiling now is paid acquisition, not website. I helped Meal JOY 3x revenue with Meta ads (~5x ROAS over 3 months). Happy to walk through what would translate.","(917) 993-5116","info@injurylawatty.com","Role","278","5","https://www.injurylawatty.com/?utm_source=google&utm_medium=organic-local&utm_campaign=New_York_City","Own site","","Law firm","171 Madison Ave Ste 305, New York, NY 10016","info@injurylawatty.com","https://www.google.com/maps/place/MooreJustice+New+York+City+Accident+%26+Injury+Lawyers/data=!4m7!3m6!1s0x89c25bd70f8e73e9:0x7f15e383c214195f!8m2!3d40.7472033!4d-73.9831256!16s%2Fg%2F11fkk_lrfk!19sChIJ6XOOD9dbwokRXxkUwoPjFX8?authuser=0&hl=en&rclk=1"
"Fridman Law Firm PLLC","Attorneys Neil","Cool","44","Hi Attorneys, you've built a solid foundation (60 reviews, 5★). The next leverage point is consistent paid acquisition. I'd be happy to share what's working for similar local businesses.","(212) 262-9823","","","60","5","https://www.fridmanlawfirm.com/?utm_campaign=gmb&utm_medium=organic&utm_source=gpb","Own site","","Law firm","251 W 30th St Ste 604, New York, NY 10001","","https://www.google.com/maps/place/Fridman+Law+Firm+PLLC/data=!4m7!3m6!1s0x89c25907bfd1f95b:0x33d5357283d9d49b!8m2!3d40.7493629!4d-73.9942691!16s%2Fg%2F11frtg7cbx!19sChIJW_nRvwdZwokRm9TZg3I11TM?authuser=0&hl=en&rclk=1"
"Koch Law, PLLC","","Cool","54","Your site is solid. With 117 reviews and 4.9★, the growth ceiling now is paid acquisition, not website. I helped Meal JOY 3x revenue with Meta ads (~5x ROAS over 3 months). Happy to walk through what would translate.","(929) 822-7778","","","117","4.9","https://www.nydefensecounsel.com/?utm_source=gmb&utm_medium=organic&utm_content=listing&utm_campaign=local","Own site","","Law firm","521 5th Ave 17th Floor Suite 1712, New York, NY 10175","","https://www.google.com/maps/place/Koch+Law,+PLLC/data=!4m7!3m6!1s0x89c258fe28b8aaa1:0x5ad317b2c40861e4!8m2!3d40.7542443!4d-73.9801271!16s%2Fg%2F11c6zz3081!19sChIJoaq4KP5YwokR5GEIxLIX01o?authuser=0&hl=en&rclk=1"
"Hudson Law Group","David Treyster","Cool","48","Hi David, you've built a solid foundation (67 reviews, 5★). The next leverage point is consistent paid acquisition. I'd be happy to share what's working for similar local businesses.","(347) 815-2969","david@hudsonlawny.com","Personal","67","5","http://www.hudsonlawny.com/","Own site","","Law firm","745 5th Ave Ste 500, New York, NY 10151","david@hudsonlawny.com; info@hudsonlawny.com","https://www.google.com/maps/place/Hudson+Law+Group/data=!4m7!3m6!1s0x89c258fa9c7deadd:0xd1ba71016d2cc25!8m2!3d40.763311!4d-73.9732453!16s%2Fg%2F11bychtkfk!19sChIJ3ep9nPpYwokRJczSFhCnGw0?authuser=0&hl=en&rclk=1"
"Pechman Law Group PLLC","","Warm","58","Your site is solid. With 246 reviews and 4.9★, the growth ceiling now is paid acquisition, not website. I helped Meal JOY 3x revenue with Meta ads (~5x ROAS over 3 months). Happy to walk through what would translate.","(212) 583-9500","info@pechmanlaw.com","Role","246","4.9","https://pechmanlaw.com/","Own site","","Law firm","488 Madison Ave Suite 1704, New York, NY 10022","info@pechmanlaw.com","https://www.google.com/maps/place/Pechman+Law+Group+PLLC/data=!4m7!3m6!1s0x89c258fc77c0637d:0x1bc18b1cb939e71!8m2!3d40.7589103!4d-73.9751974!16s%2Fg%2F1tdv_t1h!19sChIJfWPAd_xYwokRcZ6Ty7EYvAE?authuser=0&hl=en&rclk=1"
"The Law Firm of Dmitriy Shakhnevich PLLC","Dmitriy Shakhnevich","Warm","68","Hi Dmitriy, your site is solid. With 308 reviews and 4.9★, the growth ceiling now is paid acquisition, not website. I helped Meal JOY 3x revenue with Meta ads (~5x ROAS over 3 months). Happy to walk through what would translate.","(212) 913-9703","ds@dshaklaw.com","Personal","308","4.9","http://www.dshaklaw.com/","Own site","","Law firm","305 Broadway #210, New York, NY 10007","ds@dshaklaw.com","https://www.google.com/maps/place/The+Law+Firm+of+Dmitriy+Shakhnevich+PLLC/data=!4m7!3m6!1s0x89c2447900f7a4e7:0xcfb21a0cfa7f58ae!8m2!3d40.7155282!4d-74.0055765!16s%2Fg%2F11bbrh4t_y!19sChIJ56T3AHlEwokRrlh_-gwass8?authuser=0&hl=en&rclk=1"
"Leav & Steinberg, LLP","","Cool","50","Your site is solid. With 133 reviews and 4.7★, the growth ceiling now is paid acquisition, not website. I helped Meal JOY 3x revenue with Meta ads (~5x ROAS over 3 months). Happy to walk through what would translate.","(212) 766-5222","","","133","4.7","https://www.nyaccidentlawyer.com/office-locations/manhattan-office/?utm_source=gbp&utm_medium=organic&utm_campaign=website&utm_term=manhattan","Own site","","Leav & Steinberg, LLP","Law firm ·  · 75 Broad St #1601","","https://www.google.com/maps/place/Leav+%26+Steinberg,+LLP/data=!4m7!3m6!1s0x89c25a176debd91f:0xafcbfe652338b192!8m2!3d40.7046519!4d-74.0112472!16s%2Fg%2F1tknlc3q!19sChIJH9nrbRdawokRkrE4I2X-y68?authuser=0&hl=en&rclk=1"
"Kulen Law Firm P.C.","Remzi Guvenc","Warm","68","Hi Remzi, your site is solid. With 526 reviews and 4.9★, the growth ceiling now is paid acquisition, not website. I helped Meal JOY 3x revenue with Meta ads (~5x ROAS over 3 months). Happy to walk through what would translate.","(212) 904-1506","kulen@kulenlawfirm.com","Personal","526","4.9","http://www.kulenlawfirm.com/","Own site","","Attorney","264 W 40th St 18th Floor, New York, NY 10018","kulen@kulenlawfirm.com; touchcontact+1-212-904-1506kulen@kulenlawfirm.com; goals.contact+1-212-904-1506kulen@kulenlawfirm.com; teamcontact+1-212-904-1506kulen@kulenlawfirm.com; kulen@kulenlaw.com","https://www.google.com/maps/place/Kulen+Law+Firm+P.C./data=!4m7!3m6!1s0x89c259afa8e5959b:0x9a79607182dc9163!8m2!3d40.755568!4d-73.9903732!16s%2Fg%2F11b6dvs5gk!19sChIJm5XlqK9ZwokRY5HcgnFgeZo?authuser=0&hl=en&rclk=1"
"Rosenberg, Minc, Falkoff & Wolff, LLP","","Cool","54","Your site is solid. With 116 reviews and 4.7★, the growth ceiling now is paid acquisition, not website. I helped Meal JOY 3x revenue with Meta ads (~5x ROAS over 3 months). Happy to walk through what would translate.","(212) 697-9280","info@rmfwlaw.com","Role","116","4.7","https://rmfwlaw.com/?utm_source=nyc&utm_medium=organic&utm_campaign=gmb","Own site","","Law firm","122 E 42nd St #3800, New York, NY 10168","info@rmfwlaw.com","https://www.google.com/maps/place/Rosenberg,+Minc,+Falkoff+%26+Wolff,+LLP/data=!4m7!3m6!1s0x89c25903ce155677:0x2ce5ce922c6abb29!8m2!3d40.7511977!4d-73.976591!16s%2Fg%2F1tcwxn18!19sChIJd1YVzgNZwokRKbtqLJLO5Sw?authuser=0&hl=en&rclk=1"
"Phillips & Associates | Sexual Harassment, Discrimination, & Employment Lawyers","","Warm","64","Your site is solid. With 713 reviews and 4.8★, the growth ceiling now is paid acquisition, not website. I helped Meal JOY 3x revenue with Meta ads (~5x ROAS over 3 months). Happy to walk through what would translate.","(866) 302-3891","","","713","4.8","https://www.newyorkcitydiscriminationlawyer.com/","Own site","","Law firm","45 Broadway 28th Floor, New York, NY 10006","","https://www.google.com/maps/place/Phillips+%26+Associates+%7C+Sexual+Harassment,+Discrimination,+%26+Employment+Lawyers/data=!4m7!3m6!1s0x89c25a113986f6b9:0x3b346c39a1a58b8c!8m2!3d40.7064331!4d-74.0129986!16s%2Fg%2F1hdzvqhjn!19sChIJufaGORFawokRjIuloTlsNDs?authuser=0&hl=en&rclk=1"
"Krymkier Law","","Cool","36","You've built a solid foundation (43 reviews, 5★). The next leverage point is consistent paid acquisition. I'd be happy to share what's working for similar local businesses.","(646) 397-3640","","","43","5","https://www.frenchamericanlawyer.com/","Own site","","Krymkier Law","Law firm ·  · 1270 6th Ave Fl 7","","https://www.google.com/maps/place/Krymkier+Law/data=!4m7!3m6!1s0x89c258f8daefc7b3:0x138b2f4cdabaa1c0!8m2!3d40.7600664!4d-73.9798152!16s%2Fg%2F11b5wlq0vc!19sChIJs8fv2vhYwokRwKG62kwvixM?authuser=0&hl=en&rclk=1"
"Bachuwa Law","Alexander Bachuwa","Cool","50","Bachuwa Law has no scraped contact info. Look them up manually on Instagram or their booking platform before pitching.","","","","169","4.9","http://bachuwalaw.com/","Own site","","Bachuwa Law","Law firm ·  · 745 5th Ave #500","","https://www.google.com/maps/place/Bachuwa+Law/data=!4m7!3m6!1s0x89c25a19c69a2b87:0x5af79db8e5ae8fbe!8m2!3d40.7632008!4d-73.9734717!16s%2Fg%2F11g8v52ndf!19sChIJhyuaxhlawokRvo-u5bid91o?authuser=0&hl=en&rclk=1"
"Pardalis & Nohavicka Lawyers","","Cool","40","You've built a solid foundation (92 reviews, 4.7★). The next leverage point is consistent paid acquisition. I'd be happy to share what's working for similar local businesses.","(718) 777-0400","","","92","4.7","http://pnlawyers.com/","Own site","Pardalis and Nohavicka Lawyers","Law firm","29-20 23rd Ave 4th floor, Astoria, NY 11105","","https://www.google.com/maps/place/Pardalis+%26+Nohavicka+Lawyers/data=!4m7!3m6!1s0x89c25f3a38370e83:0x980ebbf6d0ea0b22!8m2!3d40.7745521!4d-73.9133463!16s%2Fg%2F12jm5kk7n!19sChIJgw43ODpfwokRIgvq0Pa7Dpg?authuser=0&hl=en&rclk=1"
"Redmond Law Firm, PLLC","","Warm","68","Your site is solid. With 756 reviews and 4.9★, the growth ceiling now is paid acquisition, not website. I helped Meal JOY 3x revenue with Meta ads (~5x ROAS over 3 months). Happy to walk through what would translate.","(646) 285-7115","credmond@redmondfirm.com","Personal","756","4.9","https://redmondfirm.com/","Own site","","Law firm","206 Livingston St, Brooklyn, NY 11201","credmond@redmondfirm.com","https://www.google.com/maps/place/Redmond+Law+Firm,+PLLC/data=!4m7!3m6!1s0x89c25a16557702b5:0xb99f1794523b903d!8m2!3d40.6895384!4d-73.9860449!16s%2Fg%2F1yf_9rpzr!19sChIJtQJ3VRZawokRPZA7UpQXn7k?authuser=0&hl=en&rclk=1"
"Feiner & Lavy P.C","","Warm","60","Your site is solid. With 364 reviews and 4.7★, the growth ceiling now is paid acquisition, not website. I helped Meal JOY 3x revenue with Meta ads (~5x ROAS over 3 months). Happy to walk through what would translate.","(212) 571-9200","","","364","4.7","https://www.drimmigration.com/","Own site","","Feiner & Lavy P.C","Immigration attorney ·  · 325 Broadway Suite 401","","https://www.google.com/maps/place/Feiner+%26+Lavy+P.C/data=!4m7!3m6!1s0x89c25a21b4d13ea5:0x75e63b2551a48135!8m2!3d40.7161668!4d-74.0049587!16s%2Fg%2F1vp74pt8!19sChIJpT7RtCFawokRNYGkUSU75nU?authuser=0&hl=en&rclk=1"
"Joseph & Norinsberg - NYC Sexual Harassment & Employment Discrimination Lawyers","","Warm","58","Your site is solid. With 240 reviews and 4.8★, the growth ceiling now is paid acquisition, not website. I helped Meal JOY 3x revenue with Meta ads (~5x ROAS over 3 months). Happy to walk through what would translate.","(646) 798-4433","info@employeejustice.com","Role","240","4.8","https://employeejustice.com/?utm_source=google&utm_medium=organic&utm_campaign=gbp-nyc","Own site","","Joseph & Norinsberg - NYC Sexual Harassment & Employment Discrimination Lawyers","Law firm ·  · 825 3rd Ave #2100","info@employeejustice.com","https://www.google.com/maps/place/Joseph+%26+Norinsberg+-+NYC+Sexual+Harassment+%26+Employment+Discrimination+Lawyers/data=!4m7!3m6!1s0x89c25a18f6ff8225:0x329ddea7209be3c6!8m2!3d40.757962!4d-73.9708356!16s%2Fg%2F1q5ccv8jd!19sChIJJYL_9hhawokRxuObIKfenTI?authuser=0&hl=en&rclk=1"
"Trademark Patent Lawyer NYC","Mark Derek Fahey","Skip","26","Hi Mark, Trademark Patent Lawyer NYC is early-stage — most growth services don't make ROI sense yet. Worth circling back once you're past 50+ reviews. If you're focused on review velocity right now, happy to share what works.","(212) 381-6189","","","13","4.7","http://nycpatentandtrademarklawyer.com/","Own site","","Trademark Patent Lawyer NYC","Patent attorney ·  · 112 W 34th St. 18th floor","","https://www.google.com/maps/place/Trademark+Patent+Lawyer+NYC/data=!4m7!3m6!1s0x89c2590a022150fb:0x4f7d1ef526b97a73!8m2!3d40.7500039!4d-73.9893899!16s%2Fg%2F11gl4mjwxt!19sChIJ-1AhAgpZwokRc3q5JvUefU8?authuser=0&hl=en&rclk=1"
"Kurta Law","","Cool","48","You've built a solid foundation (97 reviews, 5★). The next leverage point is consistent paid acquisition. I'd be happy to share what's working for similar local businesses.","(877) 600-0098","info@kurtalawfirm.com","Role","97","5","https://www.kurtalawfirm.com/","Own site","","Kurta Law","Law firm ·  · 295 Madison Ave #705","info@kurtalawfirm.com","https://www.google.com/maps/place/Kurta+Law/data=!4m7!3m6!1s0x89c25907e549e255:0x4b462f577a5e419b!8m2!3d40.7518131!4d-73.9792251!16s%2Fg%2F1td54bmd!19sChIJVeJJ5QdZwokRm0FeelcvRks?authuser=0&hl=en&rclk=1"
"Field Law Group","","Cool","44","You've built a solid foundation (62 reviews, 4.6★). The next leverage point is consistent paid acquisition. I'd be happy to share what's working for similar local businesses.","(212) 739-7278","newcase@fieldlawgroupny.com","Personal","62","4.6","https://fieldlawgroupny.com/","Own site","","Field Law Group","Personal injury attorney ·  · 17 State St 40th Floor","newcase@fieldlawgroupny.com","https://www.google.com/maps/place/Field+Law+Group/data=!4m7!3m6!1s0x89c25a13a1e6aaab:0x858ff6e7a908eb3a!8m2!3d40.7028856!4d-74.0139293!16s%2Fg%2F11h06n53yb!19sChIJq6rmoRNawokROusIqef2j4U?authuser=0&hl=en&rclk=1"
"The Ward Law Group, PLLC","Partners Of","Warm","64","Hi Partners, your site is solid. With 400 reviews and 4.9★, the growth ceiling now is paid acquisition, not website. I helped Meal JOY 3x revenue with Meta ads (~5x ROAS over 3 months). Happy to walk through what would translate.","(646) 956-2797","","","400","4.9","https://www.855dolor55.com/new-york/?utm_source=google&utm_medium=organic&utm_campaign=nyGMB","Own site","","The Ward Law Group, PLLC","Law firm ·  · 535 5th Ave Suite 2600","","https://www.google.com/maps/place/The+Ward+Law+Group,+PLLC/data=!4m7!3m6!1s0x89c259fea008c2c3:0x173a402e57c1c1b9!8m2!3d40.7548367!4d-73.9793987!16s%2Fg%2F11tgcw6qxr!19sChIJw8IIoP5ZwokRucHBVy5AOhc?authuser=0&hl=en&rclk=1"
"Nisar Law Group, P.C.","","Cool","50","Your site is solid. With 207 reviews and 4.6★, the growth ceiling now is paid acquisition, not website. I helped Meal JOY 3x revenue with Meta ads (~5x ROAS over 3 months). Happy to walk through what would translate.","(212) 600-9534","","","207","4.6","https://www.nisarlaw.com/","Own site","","Law firm","60 E 42nd St #4600, New York, NY 10165","","https://www.google.com/maps/place/Nisar+Law+Group,+P.C./data=!4m7!3m6!1s0x89c258e32e31eca7:0x757227ea25fc83cf!8m2!3d40.7522858!4d-73.9785862!16s%2Fg%2F11btx0xmg1!19sChIJp-wxLuNYwokRz4P8JeoncnU?authuser=0&hl=en&rclk=1"
"The Bàez Legal Group","","Cool","54","Your site is solid. With 110 reviews and 5★, the growth ceiling now is paid acquisition, not website. I helped Meal JOY 3x revenue with Meta ads (~5x ROAS over 3 months). Happy to walk through what would translate.","(888) 223-9529","","","110","5","https://www.baezlegal.com/","Own site","","The Bàez Legal Group","Law firm ·  · 261 Madison Ave","","https://www.google.com/maps/place/The+B%C3%A0ez+Legal+Group/data=!4m7!3m6!1s0x89c25900da7d168f:0xb9072c1ebf424283!8m2!3d40.750468!4d-73.980608!16s%2Fg%2F11cs4g98cp!19sChIJjxZ92gBZwokRg0JCvx4sB7k?authuser=0&hl=en&rclk=1"
"The Village Law Firm","","Cool","40","You've built a solid foundation (41 reviews, 5★). The next leverage point is consistent paid acquisition. I'd be happy to share what's working for similar local businesses.","(212) 431-7526","info@thevillagelawfirm.com","Role","41","5","http://www.thevillagelawfirm.com/","Own site","","The Village Law Firm","Law firm ·  · 1270 6th Ave 7th Floor","info@thevillagelawfirm.com","https://www.google.com/maps/place/The+Village+Law+Firm/data=!4m7!3m6!1s0x89c6c63100b8bf57:0x2277d50143b898ec!8m2!3d40.7600144!4d-73.9801312!16s%2Fg%2F12hkk08j1!19sChIJV7-4ADHGxokR7Ji4QwHVdyI?authuser=0&hl=en&rclk=1"
"Jeffrey B. Peltz, P.C.","","Cool","54","Your site is solid. With 210 reviews and 4.9★, the growth ceiling now is paid acquisition, not website. I helped Meal JOY 3x revenue with Meta ads (~5x ROAS over 3 months). Happy to walk through what would translate.","(718) 625-0800","","","210","4.9","https://www.aaalawyer.com/","Own site","","Attorney","225 Broadway #1900, New York, NY 10007","","https://www.google.com/maps/place/Jeffrey+B.+Peltz,+P.C./data=!4m7!3m6!1s0x89c25a4916262c47:0x12414772a0de7223!8m2!3d40.7117496!4d-74.0086667!16s%2Fg%2F1v3lqwm5!19sChIJRywmFklawokRI3LeoHJHQRI?authuser=0&hl=en&rclk=1"
"Linden Law - The Linden Lawyer","","Warm","58","Your site is solid. With 185 reviews and 4.9★, the growth ceiling now is paid acquisition, not website. I helped Meal JOY 3x revenue with Meta ads (~5x ROAS over 3 months). Happy to walk through what would translate.","(212) 804-8440","jason@linden.law","Personal","185","4.9","http://www.linden.law/","Own site","","Linden Law - The Linden Lawyer","Personal injury attorney ·  · 250 W 57th St Ste 432a","jason@linden.law; jdrew804@gmail.com","https://www.google.com/maps/place/Linden+Law+-+The+Linden+Lawyer/data=!4m7!3m6!1s0x89c258551f15d293:0x681550ec7551d23d!8m2!3d40.7662424!4d-73.9824061!16s%2Fg%2F11dxnsrjgr!19sChIJk9IVH1VYwokRPdJRdexQFWg?authuser=0&hl=en&rclk=1"
"Cordero Law LLC","","Cool","48","You've built a solid foundation (55 reviews, 4.8★). The next leverage point is consistent paid acquisition. I'd be happy to share what's working for similar local businesses.","(212) 960-8890","info@corderolawgroup.com","Role","55","4.8","https://www.corderolawgroup.com/","Own site","","Legal services","1330 6th Ave #23A, New York, NY 10019","info@corderolawgroup.com","https://www.google.com/maps/place/Cordero+Law+LLC/data=!4m7!3m6!1s0x89c2598d3802c763:0xc6636511b12e6039!8m2!3d40.7619114!4d-73.9784542!16s%2Fg%2F11bwkh_tvr!19sChIJY8cCOI1ZwokROWAusRFlY8Y?authuser=0&hl=en&rclk=1"
"Anderson & Associates Law, P.C.","","Cool","48","You've built a solid foundation (56 reviews, 4.9★). The next leverage point is consistent paid acquisition. I'd be happy to share what's working for similar local businesses.","(646) 201-9117","admin@aalawpc.com","Generic","56","4.9","http://www.aalawpc.com/","Own site","","Anderson & Associates Law, P.C.","Law firm ·  · 347 W 36th St. #1003","admin@aalawpc.com","https://www.google.com/maps/place/Anderson+%26+Associates+Law,+P.C./data=!4m7!3m6!1s0x89c25a138eec3631:0x5b02e86411974fb5!8m2!3d40.7544588!4d-73.9943963!16s%2Fg%2F11bccjdb8m!19sChIJMTbsjhNawokRtU-XEWToAls?authuser=0&hl=en&rclk=1"
"Law Offices of Craig Delsack, LLC","","Skip","32","You've built a solid foundation (43 reviews, 4.5★). The next leverage point is consistent paid acquisition. I'd be happy to share what's working for similar local businesses.","(212) 688-8944","","","43","4.5","http://www.nyccounsel.com/","Own site","","Law Offices of Craig Delsack, LLC","Columbus Cir, New York, NY 10107","","https://www.google.com/maps/place/Law+Offices+of+Craig+Delsack,+LLC/data=!4m7!3m6!1s0x89c258fabb2200ef:0x6008219083817d20!8m2!3d40.7662767!4d-73.9825212!16s%2Fg%2F1tgdpglv!19sChIJ7wAiu_pYwokRIH2Bg5AhCGA?authuser=0&hl=en&rclk=1"
"The Law Office of Stuart J. Goodman","","Cool","40","You've built a solid foundation (43 reviews, 4.8★). The next leverage point is consistent paid acquisition. I'd be happy to share what's working for similar local businesses.","(844) 200-3476","info@lawfirminny.com","Role","43","4.8","http://www.lawfirminny.com/","Own site","","Legal services","244 5th Ave #2012, New York, NY 10001","info@lawfirminny.com","https://www.google.com/maps/place/The+Law+Office+of+Stuart+J.+Goodman/data=!4m7!3m6!1s0x89c259a66b264785:0xceebd7f08c833b02!8m2!3d40.744617!4d-73.987655!16s%2Fg%2F11c3kcnyk1!19sChIJhUcma6ZZwokRAjuDjPDX684?authuser=0&hl=en&rclk=1"
"Tacopina Seigel & DeOreo - Criminal Lawyers in NYC","","Cool","48","You've built a solid foundation (51 reviews, 4.9★). The next leverage point is consistent paid acquisition. I'd be happy to share what's working for similar local businesses.","(212) 227-8877","info@tacopinalaw.com","Role","51","4.9","https://www.tacopinalaw.com/?utm_source=Google&utm_medium=GMB","Own site","","Law firm","275 Madison Ave Ste 3500, New York, NY 10016","info@tacopinalaw.com","https://www.google.com/maps/place/Tacopina+Seigel+%26+DeOreo+-+Criminal+Lawyers+in+NYC/data=!4m7!3m6!1s0x89c259011e131cb9:0xe2d0fcf4f9b968b3!8m2!3d40.7512691!4d-73.9799887!16s%2Fg%2F1thd7lmq!19sChIJuRwTHgFZwokRs2i5-fT80OI?authuser=0&hl=en&rclk=1"
"Norman Spencer Law Group PC","","Cool","44","You've built a solid foundation (55 reviews, 5★). The next leverage point is consistent paid acquisition. I'd be happy to share what's working for similar local businesses.","(212) 577-6677","","","55","5","https://www.nycriminallawyers.com/","Own site","","Law firm","","","https://www.google.com/maps/place/Norman+Spencer+Law+Group+PC/data=!4m7!3m6!1s0x89c25a17473f890f:0x8ed6b6d9090ea714!8m2!3d40.7142162!4d-74.0040637!16s%2Fg%2F1th0nts3!19sChIJD4k_RxdawokRFKcOCdm21o4?authuser=0&hl=en&rclk=1"